{
  "camera_id": "demo_video_0135",
  "image_size": [
    1920,
    1080
  ],
  "intrinsics": {
    "fx": 1662.7687752661222,
    "fy": 1662.7687752661222,
    "cx": 960.0,
    "cy": 540.0
  },
  "extrinsics": {
    "plane_normal_cam": [
      -0.010171655332218171,
      -0.9981462133088612,
      0.06000561877844386
    ],
    "plane_offset_cam": 1.9930978271932531,
    "R_cam_to_ground": [
      [
        0.9999480804254564,
        -0.010190017342733351,
        0.0
      ],
      [
        -0.010171655332218171,
        -0.9981462133088612,
        0.06000561877844386
      ],
      [
        0.000611458296013789,
        0.06000250331224665,
        0.9981980393263734
      ]
    ],
    "t_cam_to_ground": [
      0.0,
      1.9930978271932531,
      0.0
    ],
    "pitch_deg": -3.440135280908034,
    "roll_deg": -0.5828030801615443,
    "camera_height_m": 1.9930978271932531
  },
  "depth_model": "depth-anything/Depth-Anything-V2-Metric-Outdoor-Large-hf",
  "source_frames": 8,
  "created_at": "2026-04-22T23:21:00.689458+00:00",
  "notes": "Auto-calibrated with 8 frames via depth-anything/Depth-Anything-V2-Metric-Outdoor-Large-hf. Dynamic objects masked: True. HFOV assumption: 60.0\u00b0 (unless intrinsics overridden)."
}