{
  "camera_id": "demo_video_0001",
  "image_size": [
    1920,
    1080
  ],
  "intrinsics": {
    "fx": 1662.7687752661222,
    "fy": 1662.7687752661222,
    "cx": 960.0,
    "cy": 540.0
  },
  "extrinsics": {
    "plane_normal_cam": [
      -0.026201632281478107,
      -0.9831391113691722,
      0.18097226904147679
    ],
    "plane_offset_cam": 0.5113362692236705,
    "R_cam_to_ground": [
      [
        0.9996450513933739,
        -0.026641531951802452,
        -8.673617379884037e-19
      ],
      [
        -0.026201632281478107,
        -0.9831391113691722,
        0.18097226904147679
      ],
      [
        0.004821378488058693,
        0.18090803318674253,
        0.9834881991350883
      ]
    ],
    "t_cam_to_ground": [
      0.0,
      0.5113362692236705,
      0.0
    ],
    "pitch_deg": -10.426396840679434,
    "roll_deg": -1.5014322277852794,
    "camera_height_m": 0.5113362692236705
  },
  "depth_model": "depth-anything/Depth-Anything-V2-Metric-Outdoor-Large-hf",
  "source_frames": 8,
  "created_at": "2026-04-23T00:59:00.459726+00:00",
  "notes": "Auto-calibrated with 8 frames via depth-anything/Depth-Anything-V2-Metric-Outdoor-Large-hf. Dynamic objects masked: True. HFOV assumption: 60.0\u00b0 (unless intrinsics overridden)."
}